{
    "6": {
        "qiskit_cx": 0.4763183593750002,
        "canopus_cx": 0.62158203125,
        "canopus_zzphase": 0.21044921874999983
    },
    "8": {
        "qiskit_cx": 0.21826171875000017,
        "canopus_cx": 0.5270996093750002,
        "canopus_zzphase": 0.35058593749999994
    },
    "10": {
        "qiskit_cx": 0.21582031250000377,
        "canopus_cx": 0.3948242187499949,
        "canopus_zzphase": 0.1842773437500043
    },
    "12": {
        "qiskit_cx": 0.08508300781249445,
        "canopus_cx": 0.30144042968751145,
        "canopus_zzphase": 0.12463378906249027
    }
}