{
    "6": {
        "qiskit_cx": 0.9697094790629177,
        "canopus_cx": 0.9719182513496536,
        "canopus_zzphase": 0.9588698723966106
    },
    "8": {
        "qiskit_cx": 0.970217656146083,
        "canopus_cx": 0.9434260814498334,
        "canopus_zzphase": 0.894899791603427
    },
    "10": {
        "qiskit_cx": 0.9398237591202487,
        "canopus_cx": 0.9287705752809113,
        "canopus_zzphase": 0.8281456588086983
    },
    "12": {
        "qiskit_cx": 0.9364488688818915,
        "canopus_cx": 0.9530693416824806,
        "canopus_zzphase": 0.8738777116147352
    }
}